zone_id,year,month,day,h1,h2,h3,h4,h5,h6,h7,h8,h9,h10,h11,h12,h13,h14,h15,h16,h17,h18,h19,h20,h21,h22,h23,h24
1.0,2008.0,6.0,1.0,557470.6666666666,448423.0,448423.0,448423.0,448423.0,448423.0,556779.6,599529.6666666666,639673.25,604939.0,655440.6,717202.75,717202.75,722008.3333333334,782497.5,786199.0,782497.5,725592.6666666666,696060.3333333334,738682.8,609738.4,609738.4,609738.4,520941.3333333333
1.0,2008.0,6.0,2.0,480724.0,394143.6,394143.6,394143.6,414884.6666666667,472713.0,429839.25,467501.6666666667,539300.0,562957.5,599529.6666666666,609736.2,599529.6666666666,684918.6666666666,684918.6666666666,676647.3333333334,676647.3333333334,725592.6666666666,696060.3333333334,738682.8,644343.3333333334,609738.4,586205.0,520941.3333333333
1.0,2008.0,6.0,3.0,480724.0,414884.6666666667,394143.6,414884.6666666667,414884.6666666667,472713.0,429839.25,467501.6666666667,459327.6666666667,557412.3333333334,533381.6666666666,638033.25,746913.3333333334,747625.2,747625.2,676647.3333333334,676647.3333333334,725592.6666666666,786930.0,738682.8,739966.25,690948.75,661092.25,588980.0
1.0,2008.0,6.0,4.0,499918.0,425954.0,425954.0,463810.0,425954.0,425954.0,560641.3333333334,562957.5,533381.6666666666,655440.6,705539.2,775978.5,825095.4,904855.2,904855.2,833137.6666666666,775978.5,893901.3333333334,976469.0,853145.8,845941.6666666666,952663.3333333334,786585.0,641169.0
1.0,2008.0,6.0,5.0,662544.0,540495.0,579379.0,579379.0,480904.6666666667,480904.6666666667,560047.0,533381.6666666666,681458.6,692786.0,744408.75,862753.8,833137.6666666666,878860.8,911978.2,911978.2,911978.2,977050.0,1012118.6666666666,853145.8,821238.0,821238.0,742822.0,703683.6666666666
1.0,2008.0,6.0,6.0,557470.6666666666,540495.0,480904.6666666667,463810.0,483373.2,483373.2,556779.6,560047.0,656059.0,655440.6,709867.3333333334,775978.5,878860.8,878860.8,911978.2,895758.0,911978.2,977050.0,1012118.6666666666,942667.4,845941.6666666666,952663.3333333334,786585.0,703683.6666666666
1.0,2008.0,6.0,7.0,577915.75,540495.0,545558.3333333334,576585.3333333334,535817.0,483373.2,560047.0,748038.5,692560.25,782067.6666666666,862753.8,1025709.3333333334,941100.25,1069436.6,1025709.3333333334,1069436.6,1069436.6,977050.0,1012118.6666666666,1018970.0,853145.8,952663.3333333334,786585.0,703683.6666666666
2.0,2008.0,6.0,1.0,850257.6,749898.6666666666,749898.6666666666,726909.0,726909.0,830003.3333333334,813692.4,1018597.8,984041.3333333334,1138135.5,1190498.3333333333,1378328.6666666667,1198678.75,1271259.6666666667,1271259.6666666667,1165529.3333333333,1198678.75,1324783.8,1219729.0,1197452.3333333333,904266.6666666666,904266.6666666666,902426.6,792655.3333333334
2.0,2008.0,6.0,2.0,674344.0,665452.0,593294.3333333334,576137.5,576137.5,665998.0,789881.3333333334,886454.25,827199.75,827199.75,1018597.8,1009196.3333333334,1018597.8,1399540.0,1399540.0,1399540.0,1225913.6666666667,1317381.25,1273656.6,1363907.6666666667,1151013.0,904266.6666666666,902426.6,802677.75
2.0,2008.0,6.0,3.0,653999.75,590627.0,576137.5,576137.5,576137.5,665998.0,789881.3333333334,834525.6666666666,886454.25,827199.75,1009196.3333333334,1050128.8,1165529.3333333333,1165529.3333333333,1141827.25,1141827.25,1225913.6666666667,1317381.25,1203561.6,1253254.5,1305157.0,1252097.0,1095887.0,944259.0
2.0,2008.0,6.0,4.0,911664.4,749898.6666666666,696801.5,781557.0,696801.5,851619.25,813692.4,827199.75,984041.3333333334,1176192.6666666667,1268341.0,1523737.6666666667,1271259.6666666667,1334641.5,1334641.5,1403631.25,1403631.25,1471277.3333333333,1742255.5,1772159.5,1936935.3333333333,1804929.0,1456256.25,1128087.2
2.0,2008.0,6.0,5.0,1076264.3333333333,910085.0,803332.6666666666,781557.0,781557.0,881664.0,946492.6,984041.3333333334,1172692.6,1356138.25,1487408.1666666667,1334641.5,1271259.6666666667,1334641.5,1627374.75,1334641.5,1334641.5,1835690.0,1892565.0,1921178.0,1673613.75,1673613.75,1371212.0,1167423.0
2.0,2008.0,6.0,6.0,931599.2,910085.0,803332.6666666666,781557.0,741303.25,851619.25,836457.6666666666,946492.6,984041.3333333334,1176192.6666666667,1325857.0,1523737.6666666667,1334641.5,1627374.75,1627374.75,1627374.75,1627374.75,1835690.0,1892565.0,2095729.6,1936935.3333333333,1804929.0,1456256.25,1167423.0
2.0,2008.0,6.0,7.0,1049721.0,910085.0,803332.6666666666,781557.0,781557.0,851619.25,946492.6,1097851.0,1215811.75,1487408.1666666667,1334641.5,1987928.75,1627374.75,1987928.75,1793041.3333333333,1793041.3333333333,1793041.3333333333,1954923.5,1892565.0,2095729.6,1936935.3333333333,1804929.0,1456256.25,1167423.0
3.0,2008.0,6.0,1.0,614433.0,654152.3333333334,595602.0,634895.3333333334,634895.3333333334,606418.0,718457.5,646953.6666666666,778945.2,840209.0,722566.2,890448.5,937574.6666666666,904193.0,904193.0,932355.0,890448.5,714417.0,764625.6666666666,716134.0,781109.3333333334,781109.3333333334,682883.6,598612.5
3.0,2008.0,6.0,2.0,509335.0,541055.0,541055.0,541055.0,504497.25,602503.5,593272.3333333334,714703.3333333334,606802.0,666672.25,684821.75,662430.6666666666,653231.25,653231.25,769765.6666666666,786196.6666666666,853110.5,853110.5,904018.5,819261.6,781109.3333333334,703891.2,682883.6,589912.2
3.0,2008.0,6.0,3.0,522971.0,501667.75,501667.75,501667.75,540331.6666666666,602503.5,593272.3333333334,714703.3333333334,606802.0,653231.25,653231.25,737416.8,737416.8,737416.8,737416.8,786196.6666666666,890448.5,713361.6,764625.6666666666,716134.0,793706.6,716134.0,765380.3333333334,688256.6666666666
3.0,2008.0,6.0,4.0,574499.25,508891.0,518407.3333333333,508891.0,508891.0,629470.25,587807.0,568869.6666666666,662430.6666666666,737416.8,830181.0,830181.0,803931.0,798493.6666666666,853479.6666666666,853479.6666666666,904193.0,713361.6,780280.3333333334,865110.0,836780.0,865110.0,765380.3333333334,688256.6666666666
3.0,2008.0,6.0,5.0,612034.0,540909.0,574245.0,543639.5,540909.0,606418.0,639819.0,710866.0,770176.0,798534.3333333334,798534.3333333334,830181.0,937574.6666666666,864480.0,1023479.6666666666,1023479.6666666666,864480.0,931546.2,931546.2,973010.75,947255.2,915582.8,877023.2,830707.0
3.0,2008.0,6.0,6.0,643103.3333333334,654152.3333333334,660611.25,566559.25,566559.25,629470.25,672332.8,710866.0,709064.25,709064.25,739088.3333333334,739088.3333333334,850296.0,850296.0,808823.3333333334,904193.0,975261.4,872673.3333333334,982718.6666666666,1008263.2,866013.6666666666,915337.3333333334,877023.2,830707.0
3.0,2008.0,6.0,7.0,643103.3333333334,669503.0,683857.75,683857.75,683857.75,685647.0,705757.3333333334,735665.8,807506.6,883403.0,828601.6666666666,862961.25,1011906.5,1011906.5,1011906.5,1177064.8,1011906.5,1023479.6666666666,908469.0,947255.2,947255.2,1041247.3333333334,940632.75,830707.0
4.0,2008.0,6.0,1.0,3125769.6666666665,2770095.3333333335,2464794.0,2611593.75,2611593.75,2415230.25,3050337.2,2954929.0,3651758.6666666665,3890006.0,3498066.3333333335,4178870.6666666665,4313833.4,4509365.0,4509365.0,4509365.0,4241840.8,3605384.6666666665,3605384.6666666665,3944405.3333333335,3944405.3333333335,3944405.3333333335,3271134.0,2799340.0
4.0,2008.0,6.0,2.0,2428340.5,2158037.75,2158037.75,2054434.3333333333,2054434.3333333333,2102134.6666666665,2572526.3333333335,2775350.8,2846689.2,3050337.2,3050337.2,3768971.0,3655947.6666666665,3770180.6,4186176.3333333335,4186176.3333333335,4186176.3333333335,4395977.75,4395977.75,4437625.0,3944405.3333333335,3944405.3333333335,3248642.6,2543001.25
4.0,2008.0,6.0,3.0,2428340.5,2158037.75,2158037.75,2054434.3333333333,2054434.3333333333,2102134.6666666665,2572526.3333333335,2775350.8,3055518.25,3655947.6666666665,3770180.6,3498066.3333333335,3498066.3333333335,4178870.6666666665,4178870.6666666665,4265693.333333333,4241840.8,3572678.3333333335,3605384.6666666665,3944405.3333333335,4437625.0,4437625.0,3740629.3333333335,3142072.3333333335
4.0,2008.0,6.0,4.0,2997763.0,2770305.75,2196424.2,2340796.3333333335,2408679.6,2753172.8,3558455.2,3558455.2,3368289.0,3661750.5,3999011.8,4178870.6666666665,4391597.666666667,4391597.666666667,4391597.666666667,4509365.0,4509365.0,3808790.2,3647474.3333333335,4437625.0,4069568.3333333335,4437625.0,3740629.3333333335,3760817.0
4.0,2008.0,6.0,5.0,2997763.0,2770305.75,2196424.2,2196424.2,2340796.3333333335,2415230.25,2738502.3333333335,2954929.0,3651758.6666666665,4030829.8,3772171.8,4178870.6666666665,4313833.4,4329933.0,4525455.25,4525455.25,4329933.0,4329933.0,4329933.0,4509365.0,4241840.8,4265693.333333333,4395977.75,4151628.0
4.0,2008.0,6.0,6.0,3729601.5,2770095.3333333335,2732593.3333333335,2530862.8,2530862.8,2565941.6666666665,3090657.0,2954929.0,3576659.0,3404154.6,3498066.3333333335,3498066.3333333335,4178870.6666666665,4309821.0,4509365.0,4509365.0,4329933.0,4509365.0,4329933.0,4509365.0,4395977.75,4395977.75,4395977.75,4151628.0
4.0,2008.0,6.0,7.0,3023107.25,2920045.0,2945006.3333333335,2945006.3333333335,2945006.3333333335,3295653.0,3404154.6,3668497.0,3772171.8,4391597.666666667,4525455.25,4525455.25,4525455.25,4525455.25,4525455.25,4525455.25,4525455.25,4525455.25,4509365.0,4241840.8,4241840.8,4265693.333333333,4395977.75,4151628.0
5.0,2008.0,6.0,1.0,2135432.3333333335,1715737.0,1529019.0,1634384.0,1461556.6666666667,1757434.3333333333,1906768.3333333333,2017195.6666666667,2436388.3333333335,2587546.25,2642728.3333333335,3239844.0,3239844.0,3239844.0,3239844.0,3239844.0,3701319.8,3701319.8,3032225.25,2883078.75,2845856.0,2845856.0,2388200.5,2326991.0
5.0,2008.0,6.0,2.0,2135432.3333333335,1652326.25,1532240.75,1532240.75,1532240.75,1553059.25,1714654.3333333333,1814832.5,1906768.3333333333,2411501.6666666665,2411501.6666666665,2177755.8,2459169.5,2587546.25,2639873.6,2639873.6,2453940.0,3619261.6,3032225.25,3084334.0,2883078.75,2883078.75,2045919.3333333333,1757727.0
5.0,2008.0,6.0,3.0,1641878.6,1586412.6666666667,1339691.3333333333,1339691.3333333333,1339691.3333333333,1553059.25,1610416.3333333333,1906768.3333333333,2017195.6666666667,2354637.5,2587546.25,2587546.25,2776372.0,2587389.3333333335,2587389.3333333335,3110557.0,2453940.0,2623321.5,3084334.0,2883078.75,2883078.75,2883078.75,2045919.3333333333,2045406.5
5.0,2008.0,6.0,4.0,1641878.6,1652326.25,1715737.0,1634384.0,1461556.6666666667,1757434.3333333333,1610416.3333333333,1906768.3333333333,2096239.6,2198004.25,2406154.25,2642728.3333333335,2846895.0,2846895.0,2846895.0,2846895.0,2453940.0,2623321.5,2623321.5,2783259.25,2880602.2,2783259.25,2355484.0,2326991.0
5.0,2008.0,6.0,5.0,2135432.3333333335,1741807.3333333333,1741807.3333333333,1577817.5,1537955.6666666667,1781143.4,1962267.0,1962267.0,1962267.0,2177755.8,2411501.6666666665,2411501.6666666665,2177755.8,2411501.6666666665,2855831.0,2639873.6,2660574.3333333335,2623321.5,2623321.5,2845856.0,2363227.6,2845856.0,2045919.3333333333,1757727.0
5.0,2008.0,6.0,6.0,1641878.6,1586412.6666666667,1532240.75,1532240.75,1532240.75,1458237.4,1848305.0,1906768.3333333333,1906768.3333333333,2177755.8,2177755.8,2177755.8,2459169.5,2600439.6,2587389.3333333335,3110557.0,3619261.6,3629089.0,3032225.25,3084334.0,3180705.0,2783259.25,2636708.6666666665,2511467.8
5.0,2008.0,6.0,7.0,1926910.0,1741807.3333333333,1577817.5,1636140.6666666667,1636140.6666666667,1621764.6666666667,1962267.0,2017195.6666666667,2257728.0,2502755.0,3472976.6666666665,3472976.6666666665,3472976.6666666665,4205269.333333333,4205269.333333333,4205269.333333333,4456896.4,4456896.4,4456896.4,3561742.75,4277306.333333333,4277306.333333333,3802307.3333333335,3143637.3333333335
6.0,2008.0,6.0,1.0,1970881.5,2102253.3333333335,1990200.25,2083045.0,2083045.0,1945603.75,2411061.0,2556706.3333333335,2436388.3333333335,2587546.25,2667116.5,2744784.6666666665,3055471.75,3055471.75,3055471.75,2882282.6666666665,2761553.6666666665,2105046.3333333335,2547095.25,2261458.8,2451443.0,2451443.0,2057374.6666666667,1856455.3333333333
6.0,2008.0,6.0,2.0,1756485.75,1633717.0,1554945.0,1680019.3333333333,1554945.0,1579340.6,1674481.6666666667,2177848.0,2299457.0,2334937.75,2227750.6666666665,2227750.6666666665,2459169.5,2647186.0,2639873.6,2639873.6,2860560.0,2493486.6666666665,2609435.6,2261458.8,2451443.0,2451443.0,2084148.0,1856455.3333333333
6.0,2008.0,6.0,3.0,1756485.75,1554945.0,1554945.0,1554945.0,1554945.0,1808880.8,1674481.6666666667,2177848.0,1975386.0,2402834.6,2647186.0,2587546.25,2587546.25,2667116.5,2667116.5,2667116.5,2647613.4,2776436.5,2408499.4,2261458.8,2261458.8,2261458.8,2383516.6666666665,2195601.6666666665
6.0,2008.0,6.0,4.0,2219518.3333333335,1753253.5,1693497.0,1693497.0,1762025.6666666667,1945603.75,2303279.5,1927732.3333333333,1994861.6666666667,2587546.25,2744784.6666666665,2744784.6666666665,2670943.6666666665,2751457.6666666665,2751457.6666666665,2882282.6666666665,2647613.4,2445399.5,2250754.6666666665,2261458.8,2661487.3333333335,2261458.8,2383516.6666666665,2195601.6666666665
6.0,2008.0,6.0,5.0,2219518.3333333335,1753253.5,1693497.0,1693497.0,1693497.0,1945603.75,2203340.3333333335,2556706.3333333335,2436388.3333333335,2851199.6666666665,2531551.0,2744784.6666666665,3055471.75,3074342.3333333335,3036158.5,3291835.0,3074342.3333333335,2862765.4,2862765.4,2736416.75,2736416.75,2736416.75,2694674.75,2548911.6666666665
6.0,2008.0,6.0,6.0,2120316.4,1928510.0,1928510.0,1984529.8,1984529.8,1905266.3333333333,2203340.3333333335,2556706.3333333335,2324368.0,2402834.6,2406154.25,2406154.25,2744784.6666666665,2731321.0,2801784.25,3055471.75,3074342.3333333335,3272107.6666666665,3263380.25,3229372.6666666665,3124426.0,2788738.6666666665,2694674.75,2548911.6666666665
6.0,2008.0,6.0,7.0,2120316.4,1928510.0,1928510.0,1928510.0,1928510.0,1928510.0,2258633.6666666665,2133012.6666666665,2851199.6666666665,2859585.6666666665,2814273.0,2814273.0,3318148.0,3318148.0,3318148.0,3146370.5,3318148.0,3036158.5,3272107.6666666665,3094368.5,3094368.5,3070449.5,3025744.75,2548911.6666666665
7.0,2008.0,6.0,1.0,2524741.75,2189685.3333333335,2252538.3333333335,2068567.75,2145959.75,2252538.3333333335,2059935.6666666667,2727095.0,2995666.0,2995666.0,2616058.3333333335,3168983.6,3165995.2,3047283.6666666665,3047283.6666666665,3047283.6666666665,3086227.3333333335,2403559.75,3035675.8,2747489.0,2858160.0,2663072.3333333335,2461960.0,2241007.6
7.0,2008.0,6.0,2.0,1959938.6666666667,1889093.6,1889093.6,1855403.5,1855403.5,2056446.0,2565345.3333333335,2094335.0,2472140.4,2506683.25,2473967.0,2473967.0,2427174.0,2995666.0,2995666.0,2683367.2,2985890.6,2683367.2,3003310.6,3035675.8,2858160.0,2663072.3333333335,2461960.0,2228695.25
7.0,2008.0,6.0,3.0,2009740.6666666667,1889093.6,1889093.6,1855403.5,1855403.5,2056446.0,2387838.25,2094335.0,2217661.0,2795626.6666666665,2995666.0,2995666.0,2995666.0,2756957.0,2756957.0,3147994.0,3086227.3333333335,2427174.0,3174303.6666666665,2546424.6666666665,3035675.8,2400706.3333333335,2686655.4,2204354.6666666665
7.0,2008.0,6.0,4.0,2068028.0,1887570.5,1977162.3333333333,1887570.5,2145959.75,2487493.0,2059935.6666666667,2376031.0,2727095.0,2368879.0,2958669.8,3168983.6,3000462.8,3331901.0,3331901.0,2978636.5,3195257.8,2683367.2,3003310.6,2546424.6666666665,3231231.0,2400706.3333333335,2686655.4,2204354.6666666665
7.0,2008.0,6.0,5.0,2047872.6666666667,1887570.5,1973182.25,1977162.3333333333,1887570.5,1973182.25,2059935.6666666667,2376031.0,2777206.6,2616058.3333333335,2958669.8,3168983.6,2978636.5,3534819.0,3852334.3333333335,3716226.3333333335,3653185.0,3653185.0,3653185.0,3453920.3333333335,3069438.0,3069438.0,3046936.0,2736765.5
7.0,2008.0,6.0,6.0,2504653.0,2189685.3333333335,2118212.0,2128876.25,2128876.25,2169231.0,2059935.6666666667,2376031.0,2643924.5,2694806.3333333335,2911849.6,2911849.6,3072782.3333333335,3200412.6,3146609.3333333335,3384994.0,3488697.3333333335,3492535.6,3488697.3333333335,3453920.3333333335,2997518.3333333335,2997518.3333333335,3046936.0,3088363.3333333335
7.0,2008.0,6.0,7.0,2504653.0,2145748.0,2111331.25,2111331.25,1974553.3333333333,1974553.3333333333,2475949.75,2694806.3333333335,3292621.0,3000462.8,3746101.6666666665,3878618.3333333335,4418029.333333333,4418029.333333333,4418029.333333333,3457586.0,4418029.333333333,4072550.3333333335,3391841.6666666665,3077722.2,3077722.2,3077722.2,3286556.6666666665,3088363.3333333335
8.0,2008.0,6.0,1.0,1581712.0,1217213.0,1217213.0,1217213.0,1073046.5,1073046.5,1424655.25,1369457.0,1559831.3333333333,1883062.25,1913771.3333333333,1913771.3333333333,2098354.2,2135606.75,2475044.5,2475044.5,2378244.6666666665,2221872.25,1941290.3333333333,1926868.75,1964120.3333333333,1777762.3333333333,1964120.3333333333,1249486.6666666667
8.0,2008.0,6.0,2.0,1494412.25,1215486.6,1215486.6,1073046.5,1073046.5,980023.3333333334,1424655.25,1278100.2,1278100.2,1369457.0,1646297.5,1646297.5,1692555.0,1645362.0,1748150.25,1883062.25,2003526.8,2124043.6,1794156.5,2033343.4,1964120.3333333333,1777762.3333333333,1493630.6,1249486.6666666667
8.0,2008.0,6.0,3.0,1168244.3333333333,980023.3333333334,962681.5,962681.5,962681.5,1004492.0,1424655.25,1555904.4,1534895.3333333333,1645362.0,1883062.25,1879191.3333333333,1913771.3333333333,1913771.3333333333,1913771.3333333333,1879191.3333333333,1883062.25,2124043.6,1794156.5,1926868.75,1941290.3333333333,1964120.3333333333,1493630.6,1249486.6666666667
8.0,2008.0,6.0,4.0,1494412.25,1215486.6,1215486.6,1073046.5,1073046.5,1073046.5,1424655.25,1555904.4,1534895.3333333333,1534895.3333333333,1645362.0,1879191.3333333333,1913771.3333333333,1913771.3333333333,2663577.0,1879191.3333333333,1883062.25,2125799.75,2217744.0,2217744.0,2217744.0,1964120.3333333333,1964120.3333333333,1249486.6666666667
8.0,2008.0,6.0,5.0,1581712.0,1043895.75,1215486.6,1073046.5,1043895.75,1218655.25,1369457.0,1369457.0,1534895.3333333333,1645362.0,1773544.0,1645362.0,1773544.0,1883062.25,1913771.3333333333,1913771.3333333333,1913771.3333333333,2124043.6,1905070.0,2217744.0,1964120.3333333333,1964120.3333333333,1684901.0,1249486.6666666667
8.0,2008.0,6.0,6.0,1333348.0,1215486.6,1143406.6666666667,1143406.6666666667,1143406.6666666667,1143406.6666666667,1424655.25,1561777.6666666667,1477054.6666666667,1369457.0,1678366.0,1645362.0,1773529.6666666667,1773529.6666666667,2198695.3333333335,1913771.3333333333,1913771.3333333333,2221872.25,2321551.0,2117968.3333333335,2134719.6666666665,2365120.3333333335,1880923.25,1519424.5
8.0,2008.0,6.0,7.0,1322403.0,1218655.25,1218655.25,1218655.25,1218655.25,1218655.25,1678366.0,1559831.3333333333,1883062.25,2238037.0,2382854.4,2653286.3333333335,2657540.0,2977969.75,3622974.5,3622974.5,3500899.6,3474012.8333333335,2915132.5,2652665.0,2853936.6,2757015.6666666665,2853936.6,2853936.6
9.0,2008.0,6.0,1.0,633080.0,713574.0,613786.0,575614.2,615446.3333333334,627455.0,759018.3333333334,816873.2,769271.3333333334,769271.3333333334,886338.6666666666,886338.6666666666,886338.6666666666,935581.0,837225.6666666666,858546.0,849559.5,830501.4,927889.6666666666,858144.0,858144.0,802958.8,706882.4,726826.0
9.0,2008.0,6.0,2.0,557984.25,547046.0,547046.0,566118.3333333334,569760.0,615289.75,608754.3333333334,754041.25,781378.3333333334,816873.2,816873.2,816873.2,769271.3333333334,769271.3333333334,879534.4,921158.5,847768.5,918413.2,993359.5,868323.0,858144.0,802958.8,706882.4,662172.6
9.0,2008.0,6.0,3.0,604739.8,521466.6,521466.6,515915.0,515915.0,615289.75,776913.4,687081.0,781378.3333333334,754111.8,921158.5,886338.6666666666,879375.75,840617.3333333334,847768.5,921158.5,669062.0,830501.4,773011.3333333334,917446.0,917446.0,917446.0,847906.3333333334,743467.0
9.0,2008.0,6.0,4.0,585699.4,575614.2,575614.2,613786.0,575614.2,627455.0,759018.3333333334,754111.8,754111.8,879534.4,879375.75,879375.75,886338.6666666666,739151.75,739151.75,921158.5,847768.5,849559.5,773011.3333333334,917446.0,758835.6,917446.0,847906.3333333334,675347.0
9.0,2008.0,6.0,5.0,585699.4,615446.3333333334,590338.1666666666,615446.3333333334,590338.1666666666,627455.0,733081.3333333334,802490.75,837606.5,867249.5,977739.25,976031.4,995015.75,945360.75,945360.75,945360.75,945360.75,945360.75,1105853.6666666667,1061191.6666666667,883018.75,1000607.25,868323.0,789059.25
9.0,2008.0,6.0,6.0,633080.0,635627.5,613786.0,613786.0,575614.2,627455.0,733081.3333333334,781036.0,879534.4,977739.25,976031.4,995015.75,995015.75,945360.75,1045593.25,1045593.25,1045593.25,1190458.6666666667,1105853.6666666667,1061191.6666666667,1008982.3333333334,1000607.25,974168.6666666666,889749.6
9.0,2008.0,6.0,7.0,806745.6666666666,713574.0,607550.0,613786.0,680146.5,627455.0,733081.3333333334,837606.5,826249.4,976031.4,995015.75,1045593.25,995015.75,1045593.25,1045593.25,1045593.25,1045593.25,945360.75,1105853.6666666667,1034878.6666666666,1008982.3333333334,1000607.25,974168.6666666666,889749.6
10.0,2008.0,6.0,1.0,404360.25,272732.3333333333,272732.3333333333,248829.75,248829.75,272732.3333333333,330963.3333333333,376471.6666666667,370574.8,386333.6,386333.6,412197.6666666667,433323.3333333333,498854.0,498854.0,498854.0,498854.0,354275.6666666667,525252.6666666666,499468.6666666667,464871.0,427500.0,283866.4,278498.75
10.0,2008.0,6.0,2.0,256287.66666666666,245753.33333333334,256468.75,230688.33333333334,219693.66666666666,220122.25,234502.0,337123.8,337123.8,337123.8,372669.0,372669.0,376471.6666666667,370574.8,370574.8,370574.8,370574.8,459164.0,525252.6666666666,499468.6666666667,464871.0,464871.0,283866.4,278498.75
10.0,2008.0,6.0,3.0,261058.0,204032.75,204032.75,204032.75,204032.75,220122.25,234502.0,337123.8,372669.0,346481.0,370574.8,370574.8,370574.8,386333.6,386333.6,386333.6,386333.6,489395.25,525252.6666666666,384852.0,420572.6,420572.6,418011.6666666667,330905.6666666667
10.0,2008.0,6.0,4.0,275715.3333333333,264913.6666666667,248829.75,272732.3333333333,248829.75,248829.75,277223.6666666667,304089.3333333333,346481.0,370574.8,412197.6666666667,481897.3333333333,424018.25,480033.3333333333,533162.3333333334,424018.25,474652.3333333333,576980.0,403002.6666666667,403002.6666666667,505006.6666666667,505006.6666666667,418011.6666666667,330905.6666666667
10.0,2008.0,6.0,5.0,275715.3333333333,264913.6666666667,248829.75,220233.75,248829.75,248829.75,277223.6666666667,323962.8,302795.2,370574.8,452589.3333333333,422111.6,448193.3333333333,433323.3333333333,475385.8,475385.8,448193.3333333333,545711.5,653408.0,557107.6,505006.6666666667,505006.6666666667,483063.0,356494.8
10.0,2008.0,6.0,6.0,321432.3333333333,272732.3333333333,248829.75,248829.75,248829.75,248829.75,277223.6666666667,304089.3333333333,323962.8,302795.2,302795.2,302795.2,386333.6,452589.3333333333,433323.3333333333,424018.25,424018.25,545711.5,653408.0,557107.6,533536.0,505006.6666666667,465284.0,392673.2
10.0,2008.0,6.0,7.0,270070.5,339800.5,272732.3333333333,272732.3333333333,272732.3333333333,272732.3333333333,270070.5,302795.2,422111.6,474777.6666666667,550880.0,475385.8,629132.75,825072.5,718190.3333333334,718190.3333333334,718190.3333333334,779815.6666666666,685604.5,653408.0,642921.0,557107.6,469492.3333333333,529013.75
11.0,2008.0,6.0,1.0,2402.6666666666665,1842.0,1916.6,1840.3333333333333,1896.0,1975.2,2638.0,2907.0,2782.75,2782.75,2687.5,2818.75,2681.8,3137.0,2681.8,3137.0,2804.3333333333335,804.6666666666666,804.6666666666666,804.6666666666666,2176.3333333333335,3060.5,2010.75,1673.0
11.0,2008.0,6.0,2.0,2112.6666666666665,1788.6666666666667,1788.6666666666667,1788.6666666666667,1788.6666666666667,2206.0,2730.6666666666665,2907.0,2782.75,2782.75,2782.75,2686.0,2708.0,2804.3333333333335,2804.3333333333335,2804.3333333333335,2822.8,3070.6666666666665,3070.6666666666665,3010.0,3132.0,2800.0,2010.75,2350.25
11.0,2008.0,6.0,3.0,2112.6666666666665,1992.0,1992.0,1992.0,1992.0,2206.0,2730.6666666666665,2907.0,3078.0,3078.0,3036.25,2818.75,3137.0,2681.8,2681.8,2804.3333333333335,2708.0,2903.0,2903.0,2903.0,3132.0,3132.0,2621.3333333333335,2350.3333333333335
11.0,2008.0,6.0,4.0,1966.4,1866.6,1866.6,1916.6,1896.0,1975.2,2638.0,2616.2,3078.0,3078.0,2532.0,2532.0,2681.8,2681.8,2681.8,2804.3333333333335,2822.8,3070.6666666666665,2903.0,2903.0,3092.0,3132.0,2621.3333333333335,2191.6666666666665
11.0,2008.0,6.0,5.0,1966.4,1866.6,1866.6,1840.3333333333333,1823.0,1975.2,2638.0,2616.2,2660.3333333333335,2828.75,2532.0,2532.0,3108.0,2986.75,2935.0,2843.5,2843.5,2969.3333333333335,2969.3333333333335,2969.3333333333335,2969.3333333333335,3043.6666666666665,3005.6666666666665,2175.0
11.0,2008.0,6.0,6.0,2081.75,2022.0,1916.6,1916.6,1896.0,1975.2,2638.0,2616.2,2660.3333333333335,2532.0,2532.0,2986.75,2780.3333333333335,2780.3333333333335,3064.75,2843.5,3064.75,2969.3333333333335,2969.3333333333335,2969.3333333333335,3306.5,3306.5,3005.6666666666665,2992.25
11.0,2008.0,6.0,7.0,2286.75,1842.0,1842.0,1842.0,1842.0,1975.2,2516.3333333333335,2616.2,2828.75,2532.0,3108.0,2780.3333333333335,2780.3333333333335,3064.75,3064.75,3064.75,2843.5,3442.3333333333335,3442.3333333333335,3353.0,3306.5,3043.6666666666665,3005.6666666666665,2175.0
12.0,2008.0,6.0,1.0,699072.6666666666,700465.4,700465.4,700465.4,700465.4,700465.4,844693.5,956393.2,916024.6666666666,905259.6666666666,1060753.0,1084384.0,1084384.0,1084384.0,1048974.2,1048974.2,1060753.0,921246.3333333334,893574.6666666666,769994.6666666666,769994.6666666666,983441.6666666666,857930.75,800222.3333333334
12.0,2008.0,6.0,2.0,620649.0,613937.0,613937.0,559363.0,570824.0,625245.3333333334,629668.2,779954.0,808302.5,827898.25,956393.2,1075409.25,1075409.25,1060753.0,1075409.25,837580.0,985076.6,1060753.0,1183592.6,1007720.0,983441.6666666666,857930.75,857930.75,695979.0
12.0,2008.0,6.0,3.0,602313.3333333334,580371.0,580371.0,559363.0,570824.0,625245.3333333334,710400.0,779954.0,808302.5,804596.0,956393.2,956393.2,1075409.25,1060753.0,1075409.25,1060753.0,1060753.0,887389.6666666666,893574.6666666666,975190.0,975190.0,986653.5,911071.0,839999.3333333334
12.0,2008.0,6.0,4.0,699072.6666666666,700465.4,704115.3333333334,700465.4,700465.4,700465.4,722723.6666666666,844693.5,884464.75,905259.6666666666,953275.0,1131747.6666666667,1131747.6666666667,1286437.25,1246223.3333333333,1286437.25,1163242.0,1163242.0,1474791.5,1349977.0,1145013.6666666667,1183592.6,1183592.6,1183592.6
12.0,2008.0,6.0,5.0,840883.75,840883.75,772006.6666666666,772006.6666666666,814122.3333333334,814122.3333333334,884464.75,905259.6666666666,1003861.6,1131747.6666666667,1131747.6666666667,1131747.6666666667,1246223.3333333333,1246223.3333333333,1246223.3333333333,1286437.25,1286437.25,1286437.25,1474791.5,1447884.2,1183592.6,1183592.6,1163697.0,923404.3333333334
12.0,2008.0,6.0,6.0,824927.6666666666,787062.75,704115.3333333334,700465.4,704115.3333333334,704115.3333333334,844693.5,884464.75,905259.6666666666,972420.3333333334,1131747.6666666667,1131747.6666666667,1327475.5,1559256.3333333333,1559256.3333333333,1488724.75,1488724.75,1611872.6666666667,1286437.25,1633787.6,1183592.6,1077734.0,1077734.0,923404.3333333334
12.0,2008.0,6.0,7.0,832518.75,704115.3333333334,814122.3333333334,704115.3333333334,704115.3333333334,704115.3333333334,884464.75,905259.6666666666,972420.3333333334,1131747.6666666667,1286437.25,1433483.6666666667,1480799.2,1480799.2,1430779.6666666667,1480799.2,1480799.2,1286437.25,1286437.25,1494624.5,1183592.6,1183592.6,1077734.0,881116.5
13.0,2008.0,6.0,1.0,93506.4,72006.2,69642.0,69642.0,67029.0,73192.25,61771.666666666664,77412.25,89051.0,94021.33333333333,102621.8,103805.0,102621.8,125167.25,103805.0,108496.0,115727.33333333333,139729.0,117195.0,130560.75,125618.25,111126.5,85120.33333333333,74453.66666666667
13.0,2008.0,6.0,2.0,67248.33333333333,49763.0,57058.6,48883.333333333336,48883.333333333336,51221.0,60035.333333333336,59390.75,59390.75,76980.25,76705.4,104047.25,104047.25,104047.25,104047.25,102074.25,97923.33333333333,97923.33333333333,116826.0,116538.75,93316.0,93316.0,84120.0,68519.5
13.0,2008.0,6.0,3.0,51599.8,46254.5,49708.5,42052.333333333336,42052.333333333336,49598.0,60035.333333333336,59390.75,75398.66666666667,76705.4,87248.0,104047.25,104047.25,102074.25,102074.25,102074.25,124524.75,98909.4,121120.66666666667,117195.0,136125.25,121660.0,102545.75,89443.25
13.0,2008.0,6.0,4.0,76261.6,76829.5,69642.0,69642.0,67029.0,67932.66666666667,76980.25,75559.5,68850.25,85729.5,106789.0,123762.25,103805.0,128748.25,128748.25,143288.75,143288.75,156676.25,149231.0,155425.5,150582.8,150582.8,150582.8,119044.4
13.0,2008.0,6.0,5.0,87897.66666666667,78242.33333333333,78242.33333333333,78242.33333333333,79972.6,71961.0,86407.2,99518.5,102418.2,102418.2,102621.8,123762.25,103805.0,128748.25,128748.25,143288.75,143288.75,156676.25,142262.25,121120.66666666667,149595.6,123764.33333333333,85120.33333333333,73581.66666666667
13.0,2008.0,6.0,6.0,76261.6,67029.0,59827.333333333336,59827.333333333336,59827.333333333336,59827.333333333336,61771.666666666664,61771.666666666664,76980.25,86266.33333333333,81256.5,102621.8,103805.0,128748.25,128748.25,143288.75,143288.75,176088.0,163349.0,150582.8,156951.6,130560.75,126840.66666666667,95113.6
13.0,2008.0,6.0,7.0,78440.66666666667,76829.5,69642.0,67029.0,67029.0,75559.5,86407.2,87897.66666666667,102621.8,99177.0,128748.25,128748.25,128748.25,128748.25,128748.25,143288.75,143288.75,152352.75,186020.25,155425.5,130560.75,156951.6,126840.66666666667,87741.66666666667
14.0,2008.0,6.0,1.0,20120.666666666668,15859.666666666666,15859.666666666666,16033.5,16033.5,19167.4,19050.666666666668,23337.25,23945.666666666668,23945.666666666668,28041.8,28041.8,28041.8,28041.8,28331.333333333332,30158.75,26080.6,28320.25,28320.25,26544.75,24930.25,24672.666666666668,22850.25,17437.5
14.0,2008.0,6.0,2.0,16529.666666666668,15433.5,15153.4,15153.4,16718.5,22131.5,18488.2,23337.25,23337.25,24676.0,26067.75,26067.75,20958.0,20958.0,20958.0,24477.0,26080.6,33754.0,26230.5,25976.25,24930.25,24672.666666666668,22850.25,17437.5
14.0,2008.0,6.0,3.0,16024.25,15433.5,16264.666666666666,15101.666666666666,17825.666666666668,22131.5,25489.0,23337.25,23337.25,26067.75,25980.333333333332,28041.8,28041.8,25980.333333333332,25980.333333333332,24477.0,23329.333333333332,28320.25,28320.25,22327.666666666668,24930.25,25078.666666666668,25225.0,24015.25
14.0,2008.0,6.0,4.0,16940.0,16033.5,16033.5,15859.666666666666,16033.5,18458.4,21035.25,21880.8,21880.8,23945.666666666668,28041.8,28041.8,28041.8,25980.333333333332,25980.333333333332,24477.0,26080.6,26230.5,23524.0,23524.0,24930.25,25078.666666666668,25225.0,18736.6
14.0,2008.0,6.0,5.0,16940.0,16033.5,15622.5,16033.5,16551.6,19167.4,19050.666666666668,20537.25,23945.666666666668,26176.333333333332,28041.8,28323.75,31291.333333333332,32226.333333333332,33258.666666666664,33258.666666666664,36709.8,36709.8,36709.8,35540.666666666664,36973.2,33419.666666666664,29538.666666666668,26562.5
14.0,2008.0,6.0,6.0,20120.666666666668,16887.5,16887.5,16887.5,16887.5,18458.4,19050.666666666668,22041.5,23945.666666666668,26176.333333333332,28323.75,34196.333333333336,30630.2,30630.2,41798.333333333336,39076.333333333336,42505.0,42505.0,36709.8,35540.666666666664,33503.8,33419.666666666664,29538.666666666668,26562.5
14.0,2008.0,6.0,7.0,20120.666666666668,16864.666666666668,18041.0,16864.666666666668,16864.666666666668,18458.4,21467.8,23945.666666666668,24575.25,28323.75,31516.0,38199.666666666664,30630.2,44409.0,44409.0,41236.666666666664,42505.0,36709.8,36709.8,34027.4,33419.666666666664,33419.666666666664,29538.666666666668,23249.4
15.0,2008.0,6.0,1.0,204419.75,177264.0,177264.0,177264.0,177264.0,214432.2,211979.66666666666,274781.0,274781.0,258362.75,258362.75,258362.75,258362.75,258362.75,258362.75,264148.0,264148.0,264148.0,276369.8,276369.8,286603.25,286603.25,256427.66666666666,225460.0
15.0,2008.0,6.0,2.0,204419.75,205051.33333333334,177264.0,205051.33333333334,202352.66666666666,214432.2,211979.66666666666,273271.75,273271.75,274781.0,274781.0,274781.0,274781.0,262416.25,262416.25,264148.0,264148.0,264148.0,276369.8,276369.8,286603.25,286603.25,259675.0,225460.0
15.0,2008.0,6.0,3.0,204419.75,212710.33333333334,206638.66666666666,206638.66666666666,206638.66666666666,227721.66666666666,211979.66666666666,220162.0,220162.0,240973.33333333334,258362.75,258362.75,258362.75,258362.75,258362.75,264148.0,264148.0,243368.66666666666,259715.33333333334,246944.0,246944.0,246944.0,259675.0,225460.0
15.0,2008.0,6.0,4.0,204419.75,177264.0,177264.0,177264.0,177264.0,214432.2,211979.66666666666,220162.0,220162.0,240973.33333333334,240973.33333333334,258362.75,258362.75,258362.75,258362.75,264148.0,264148.0,243368.66666666666,259715.33333333334,246944.0,246944.0,246944.0,256427.66666666666,225460.0
15.0,2008.0,6.0,5.0,204419.75,177264.0,177264.0,177264.0,177264.0,214432.2,211979.66666666666,220162.0,220162.0,240973.33333333334,240973.33333333334,240973.33333333334,240973.33333333334,286768.6,294862.0,294862.0,294862.0,243368.66666666666,259715.33333333334,246944.0,246944.0,246944.0,256427.66666666666,225460.0
15.0,2008.0,6.0,6.0,204419.75,202191.0,202191.0,202191.0,202191.0,214432.2,211979.66666666666,269694.75,277174.25,277174.25,279678.0,279678.0,286768.6,286768.6,294862.0,294862.0,294862.0,294862.0,300912.6666666667,300912.6666666667,300912.6666666667,300912.6666666667,277908.3333333333,225460.0
15.0,2008.0,6.0,7.0,204419.75,204499.66666666666,199465.33333333334,199465.33333333334,199465.33333333334,214432.2,225705.0,277174.25,286768.6,294862.0,294862.0,294862.0,294862.0,294862.0,294862.0,294862.0,294862.0,294862.0,331565.3333333333,331565.3333333333,331565.3333333333,300912.6666666667,277908.3333333333,225460.0
16.0,2008.0,6.0,1.0,70860.0,70860.0,70860.0,70860.0,70860.0,70860.0,71546.75,71090.6,71090.6,73753.0,73753.0,74611.66666666667,78872.5,74611.66666666667,72614.33333333333,72614.33333333333,69226.5,83133.66666666667,84358.8,83413.0,86741.5,83332.0,78255.75,63100.0
16.0,2008.0,6.0,2.0,57572.6,53989.6,49510.0,49510.0,49510.0,52696.75,62313.6,71090.6,71090.6,73554.0,69565.0,73753.0,69226.5,72614.33333333333,69226.5,74611.66666666667,84712.0,83133.66666666667,84358.8,84358.8,95499.25,85008.66666666667,78255.75,63100.0
16.0,2008.0,6.0,3.0,57572.6,53989.6,49510.0,49510.0,49510.0,52696.75,62313.6,74752.0,71090.6,73554.0,73753.0,73753.0,72614.33333333333,78872.5,72614.33333333333,84043.0,84043.0,83133.66666666667,79754.66666666667,83413.0,95499.25,85008.66666666667,78255.75,77091.0
16.0,2008.0,6.0,4.0,60141.0,60141.0,52230.333333333336,56197.0,56197.0,58372.4,71546.75,71090.6,71090.6,73753.0,74611.66666666667,78872.5,78872.5,72614.33333333333,78872.5,78872.5,84712.0,88255.5,84358.8,84358.8,84358.8,84358.8,84358.8,77091.0
16.0,2008.0,6.0,5.0,60141.0,60141.0,52230.333333333336,52230.333333333336,52230.333333333336,58372.4,71546.75,71090.6,74611.66666666667,78872.5,78872.5,78872.5,78872.5,78872.5,78872.5,78872.5,84712.0,88255.5,84358.8,84358.8,84358.8,84358.8,84358.8,77091.0
16.0,2008.0,6.0,6.0,60141.0,60141.0,52230.333333333336,52230.333333333336,52230.333333333336,58372.4,71546.75,71090.6,74611.66666666667,78872.5,78872.5,78872.5,78872.5,78872.5,78872.5,78872.5,84712.0,88255.5,84358.8,84358.8,84358.8,84358.8,84358.8,77091.0
16.0,2008.0,6.0,7.0,60141.0,60141.0,52230.333333333336,52230.333333333336,52230.333333333336,58372.4,71546.75,71090.6,72614.33333333333,78872.5,78872.5,78872.5,78872.5,78872.5,78872.5,78872.5,84712.0,88255.5,96651.25,96651.25,96651.25,96651.25,96651.25,77091.0
17.0,2008.0,6.0,1.0,2621163.0,2615106.0,2478869.3333333335,2376436.0,2376436.0,2435280.0,2209103.75,2726000.3333333335,2773802.0,3264469.3333333335,3264469.3333333335,2979218.3333333335,3616501.4,3616501.4,3616501.4,3551781.0,3510432.6666666665,2667447.8,2874421.75,2874421.75,2869964.0,3150736.0,2515738.6666666665,2309822.3333333335
17.0,2008.0,6.0,2.0,2229200.8,1868495.0,1868495.0,1868495.0,1868495.0,2130986.4,2424490.3333333335,2835660.0,2462740.8,2752540.0,2667447.8,2732335.6666666665,2954162.6,2773802.0,2890566.8,3326383.0,3100591.6666666665,3326383.0,3446008.75,2874421.75,2869964.0,2681432.6,2798341.0,2308080.3333333335
17.0,2008.0,6.0,3.0,2229200.8,1988774.2,1988774.2,1988774.2,1988774.2,2130986.4,2424490.3333333335,2912112.6666666665,2445782.0,2954162.6,2645422.6666666665,2890566.8,2890566.8,2994678.3333333335,2994678.3333333335,3025315.6666666665,3510432.6666666665,3326383.0,3180047.8,2874421.75,2874421.75,2874421.75,2874421.75,2602304.4
17.0,2008.0,6.0,4.0,2264869.6666666665,2114078.6666666665,2113856.0,2343162.6666666665,2343162.6666666665,2359650.0,2921161.6666666665,2410457.4,3100914.6666666665,2890566.8,3424862.6,2979218.3333333335,3616284.3333333335,3842512.0,3842512.0,3551781.0,3551781.0,3326383.0,3109977.3333333335,2874421.75,3058793.6666666665,2874421.75,2874421.75,2747249.0
17.0,2008.0,6.0,5.0,2621163.0,2114078.6666666665,2173505.75,2177787.3333333335,2343162.6666666665,1973893.6666666667,2735767.5,3065894.6666666665,3035199.25,3156176.6,3095167.5,3205006.0,3616501.4,3842512.0,3985950.3333333335,3985950.3333333335,3786046.4,3797463.25,3746204.6666666665,3507633.0,3653574.75,3653574.75,3290937.0,2956002.6666666665
17.0,2008.0,6.0,6.0,2643509.3333333335,2318341.5,2318341.5,2184167.75,2184167.75,2359650.0,2485267.25,3065894.6666666665,3076623.6666666665,3076623.6666666665,3071768.3333333335,3071768.3333333335,3205006.0,3510432.6666666665,3616501.4,3551781.0,3786046.4,3507633.0,3746204.6666666665,3507633.0,3973561.6666666665,3888655.3333333335,3290937.0,3372705.0
17.0,2008.0,6.0,7.0,2643509.3333333335,2318341.5,2167877.0,2167877.0,2318341.5,2318341.5,2726554.6,2898891.8,3095167.5,3443501.4,3335153.5,3985950.3333333335,3985950.3333333335,3985950.3333333335,3985950.3333333335,3985950.3333333335,3985950.3333333335,3985950.3333333335,3507633.0,3938876.0,4118432.4,3662141.5,3465504.0,3372705.0
18.0,2008.0,6.0,1.0,218721.8,204161.0,192046.0,186356.5,187924.33333333334,204153.25,243480.33333333334,245347.66666666666,245347.66666666666,245347.66666666666,259293.0,259293.0,278008.6666666667,259293.0,259425.5,221567.75,191064.2,191064.2,304548.0,263737.8,282580.75,282580.75,229596.33333333334,198363.66666666666
18.0,2008.0,6.0,2.0,167377.0,165023.33333333334,163476.66666666666,163476.66666666666,175920.8,188178.0,216128.25,224368.25,245277.33333333334,263471.0,252687.0,274775.3333333333,274775.3333333333,288059.0,259425.5,221567.75,275029.0,295123.0,313629.3333333333,296598.6666666667,308000.0,282580.75,229596.33333333334,198363.66666666666
18.0,2008.0,6.0,3.0,167377.0,165023.33333333334,163476.66666666666,163476.66666666666,175920.8,188178.0,216128.25,249170.25,251981.66666666666,260374.66666666666,269749.0,274775.3333333333,288059.0,258187.0,259425.5,271028.25,271028.25,271028.25,263737.8,263737.8,308000.0,280331.25,252229.25,257746.0
18.0,2008.0,6.0,4.0,190636.33333333334,191251.33333333334,180988.6,163114.0,163114.0,184078.33333333334,243480.33333333334,251981.66666666666,251981.66666666666,265315.75,259293.0,294020.75,294020.75,288059.0,230668.0,258187.0,258187.0,295123.0,313629.3333333333,286086.8,370254.6666666667,296553.0,330315.0,236945.75
18.0,2008.0,6.0,5.0,212572.33333333334,171017.33333333334,180988.6,186356.5,186356.5,204153.25,248691.75,252687.0,270258.6666666667,294020.75,294020.75,294020.75,294020.75,292515.5,292515.5,292515.5,292515.5,292515.5,407039.75,383875.0,370254.6666666667,370254.6666666667,308443.5,260968.0
18.0,2008.0,6.0,6.0,218721.8,204161.0,192046.0,182261.5,180988.6,200461.2,223681.2,265315.75,270258.6666666667,294020.75,294020.75,292515.5,292515.5,292515.5,364517.6666666667,292515.5,292515.5,292515.5,407039.75,383875.0,370254.6666666667,370254.6666666667,308443.5,295346.0
18.0,2008.0,6.0,7.0,218721.8,204161.0,180988.6,180988.6,180988.6,204811.6,248691.75,276024.5,288059.0,285581.6666666667,285581.6666666667,256473.0,402547.8,417356.6666666667,356435.0,356435.0,256473.0,290529.3333333333,349311.25,383875.0,370254.6666666667,370254.6666666667,308443.5,260968.0
19.0,2008.0,6.0,1.0,740733.0,740733.0,740733.0,740733.0,740733.0,635729.0,613911.6666666666,639607.3333333334,569929.5,659098.75,449326.6,730422.6666666666,537693.6666666666,310735.8,264814.75,172960.25,165392.33333333334,317802.6,639607.3333333334,726768.8,352979.25,720889.5,720889.5,720889.5
19.0,2008.0,6.0,2.0,732934.6666666666,732934.6666666666,730573.6666666666,730573.6666666666,684725.0,730072.3333333334,361163.0,720112.5,711887.3333333334,711887.3333333334,639607.3333333334,580282.6666666666,580282.6666666666,448006.0,580282.6666666666,251388.6,251388.6,347998.4,507615.6666666667,726768.8,352979.25,720889.5,720889.5,720889.5
19.0,2008.0,6.0,3.0,732934.6666666666,732934.6666666666,730573.6666666666,730573.6666666666,684725.0,730072.3333333334,504960.8,720112.5,711887.3333333334,711887.3333333334,639607.3333333334,639607.3333333334,608488.0,448006.0,608488.0,165392.33333333334,165392.33333333334,608488.0,639607.3333333334,639607.3333333334,671132.3333333334,717767.6666666666,717767.6666666666,720889.5
19.0,2008.0,6.0,4.0,701547.2,701547.2,713963.75,614429.25,614429.25,635729.0,613911.6666666666,510053.75,596207.6666666666,659098.75,449326.6,510801.0,645767.0,448182.25,159297.75,159297.75,140767.4,191696.0,338487.6666666667,338487.6666666667,658152.75,670500.0,676837.0,721117.6666666666
19.0,2008.0,6.0,5.0,675188.3333333334,643401.0,643401.0,643401.0,643401.0,652402.4,652402.4,659098.75,681008.75,604921.4,604921.4,604921.4,645767.0,176179.33333333334,159297.75,167981.0,159297.75,191696.0,352582.75,338487.6666666667,731882.0,670500.0,676837.0,721117.6666666666
19.0,2008.0,6.0,6.0,750012.0,750012.0,722060.2,614429.25,722060.2,624720.5,624720.5,632197.4,659098.75,730422.6666666666,510801.0,510801.0,645767.0,165488.0,165488.0,145452.0,145452.0,145452.0,291187.25,215920.5,508780.6,585085.0,585085.0,721117.6666666666
19.0,2008.0,6.0,7.0,674065.75,674065.75,709235.2,709235.2,709235.2,624720.5,624720.5,659098.75,653628.0,604921.4,510801.0,510801.0,198928.5,165488.0,167981.0,145452.0,145452.0,191696.0,291187.25,255242.0,508780.6,646741.8,676073.3333333334,705755.6666666666
20.0,2008.0,6.0,1.0,111430.5,100986.0,81620.4,88674.0,88674.0,86452.2,108399.0,124777.33333333333,119430.0,139620.0,139620.0,155163.0,191899.33333333334,191899.33333333334,191899.33333333334,165201.4,162997.66666666666,124255.0,127567.2,163282.6,155427.5,149074.66666666666,126503.5,101290.66666666667
20.0,2008.0,6.0,2.0,78453.75,72233.0,66680.2,66680.2,62827.5,79996.0,108387.5,107141.25,104854.33333333333,129566.66666666667,110780.66666666667,110780.66666666667,142996.33333333334,119430.0,137714.2,137714.2,181236.25,168155.0,194999.0,154107.75,155427.5,149074.66666666666,126503.5,94911.33333333333
20.0,2008.0,6.0,3.0,78453.75,72405.33333333333,66680.2,66680.2,62827.5,68147.75,108387.5,107141.25,129566.66666666667,125747.0,119430.0,117388.25,139620.0,165822.0,162997.66666666666,162997.66666666666,162997.66666666666,156680.33333333334,127567.2,163282.6,164543.8,160535.0,120836.75,105466.5
20.0,2008.0,6.0,4.0,88984.33333333333,82982.33333333333,76552.0,82982.33333333333,87521.0,89369.25,90912.0,98335.25,111286.4,122946.6,155163.0,155163.0,180977.33333333334,180977.33333333334,180977.33333333334,165201.4,197019.2,152102.6,148329.0,154107.75,171975.33333333334,160535.0,120836.75,132657.0
20.0,2008.0,6.0,5.0,104593.0,82982.33333333333,71957.0,76552.0,86552.5,86452.2,90912.0,110780.66666666667,119430.0,149664.66666666666,165822.0,155163.0,168845.0,170196.66666666666,203410.66666666666,188483.5,196847.33333333334,196847.33333333334,241179.0,234763.2,202667.0,202667.0,174413.0,168931.0
20.0,2008.0,6.0,6.0,117968.33333333333,93192.33333333333,93192.33333333333,83924.75,83924.75,89369.25,110780.66666666667,110780.66666666667,110780.66666666667,125747.0,118264.25,118264.25,155163.0,137163.8,174900.66666666666,165201.4,196847.33333333334,202732.25,241179.0,202667.0,230587.25,204336.75,174413.0,168931.0
20.0,2008.0,6.0,7.0,120545.0,110720.75,102774.33333333333,106232.66666666667,106232.66666666667,108341.33333333333,119180.66666666667,118875.66666666667,128450.66666666667,146139.0,168555.75,209187.6,218867.66666666666,218867.66666666666,218867.66666666666,226427.33333333334,274212.6666666667,251024.33333333334,202732.25,235499.75,235499.75,205270.75,197275.66666666666,168931.0
